Year,Division,Number_of_Hospitals,Number_of_Beds,Crude_Birth_Rate,GDP_per_Capita_USD,Dengue_Cases,Beds_per_1000_Pop,Hospitals_per_100k_Pop,Avg_Beds_per_Hospital,Bed_Occupancy_Rate_Pct,Urban_Population_Pct,Area_km2,Population_Share_Pct,Tertiary_Hospitals,District_Hospitals,Upazila_Health_Complexes,Private_Clinics,Specialized_Hospitals,NGO_Facilities,Community_Health_Clinics,Diagnostic_Centers,Dengue_Rate_per_100k,Dengue_Category,Dengue_Waste_Adjustment,Birth_Rate_Category,GDP_Category,GDP_Growth_Pct,Waste_Mgmt_Coverage_Pct,Proper_Segregation_Pct,Facilities_with_Incinerator,Facilities_with_Autoclave,General_Waste_kg_day,Infectious_Waste_kg_day,Sharps_Waste_kg_day,Pharmaceutical_Waste_kg_day,Chemical_Waste_kg_day,Cytotoxic_Waste_kg_day,Pathological_Waste_kg_day,Radioactive_Waste_kg_day,Total_Hazardous_Waste_kg_day,Total_Medical_Waste_kg_day,Waste_per_Bed_kg_day,Hazardous_Waste_Pct
2000,Dhaka,749,30231,26.44,425.0,5088,573.643,142.13,40.4,69.0,50.0,20594,31.0,67,143,144,218,57,50,45,31,9.65,Moderate,1.0946,High,Low Income,0.0,37.4,47.8,69,36,41700.57,12363.07,1143.42,510.84,448.29,222.65,1416.56,32.832,16137.67,57838.24,1.9132,27.9
2000,Chattogram,357,13707,26.49,414.1,2039,403.147,105.0,38.4,71.0,28.0,33771,20.0,27,69,73,85,29,24,20,18,6.0,Moderate,1.0816,High,Low Income,0.0,33.9,45.4,26,33,18616.85,6295.64,551.8,228.95,189.64,130.92,467.44,7.119,7871.5,26488.36,1.9325,29.72
2000,Rajshahi,189,6627,25.99,404.0,382,354.385,101.07,35.1,83.9,15.0,18197,11.0,14,32,40,54,14,13,11,10,2.04,Low,1.0832,High,Low Income,0.0,31.7,43.9,10,10,10809.93,3333.26,301.18,193.42,173.98,43.66,385.09,8.487,4439.08,15249.01,2.301,29.11
2000,Sylhet,146,4575,26.7,440.9,338,384.454,122.69,31.3,84.4,20.0,12598,7.0,12,30,26,39,11,9,7,7,2.84,Low,1.0867,High,Low Income,0.0,33.3,45.1,12,16,8596.01,2144.09,206.44,132.09,76.74,39.37,255.35,5.867,2859.95,11455.96,2.504,24.96
2000,Khulna,203,6521,25.48,419.8,538,383.588,119.41,32.1,46.7,24.0,22285,10.0,17,37,43,65,15,13,11,9,3.16,Low,1.086,High,Low Income,0.0,33.4,45.1,18,19,6465.99,2011.76,190.81,140.51,76.2,47.28,253.18,8.308,2728.05,9194.04,1.4099,29.67
2000,Barisal,101,4024,26.13,428.3,119,473.412,118.82,39.8,64.0,12.0,13644,5.0,7,16,21,29,8,9,6,5,1.4,Low,1.0681,High,Low Income,0.0,31.8,44.1,3,6,4926.95,1613.27,138.75,61.38,50.64,28.26,129.4,2.186,2023.89,6950.85,1.7273,29.12
2000,Rangpur,173,7253,25.75,424.8,244,426.647,101.76,41.9,61.6,13.0,16317,10.0,14,33,31,47,13,11,11,8,1.44,Low,1.0875,High,Low Income,0.0,31.9,44.1,13,17,9154.25,2436.55,251.14,143.25,107.12,48.12,226.35,9.832,3222.36,12376.61,1.7064,26.04
2000,Mymensingh,161,6518,26.2,401.5,154,639.02,157.84,40.5,73.7,10.0,10584,6.0,14,26,37,38,12,11,9,7,1.51,Low,1.0735,High,Low Income,0.0,30.9,43.4,11,17,10277.63,2795.47,249.11,198.27,99.01,64.51,362.07,6.762,3775.21,14052.84,2.156,26.86
2001,Dhaka,802,31756,25.95,458.1,1813,602.581,152.18,39.6,72.5,51.0,20594,31.0,59,168,147,202,70,59,50,42,3.44,Moderate,1.077,High,Low Income,9.59,38.3,48.5,35,107,45466.32,13516.07,1285.53,898.41,467.87,190.62,1237.76,18.756,17615.02,63081.34,1.9864,27.92
2001,Chattogram,392,13625,25.59,459.9,844,400.735,115.29,34.8,80.9,28.4,33771,20.0,31,72,82,106,31,27,23,18,2.48,Low,1.0771,High,Low Income,10.02,35.0,46.3,19,25,22618.61,6917.17,629.17,342.6,329.2,144.17,842.32,12.913,9217.54,31836.15,2.3366,28.95
2001,Rajshahi,205,7373,24.72,443.2,186,394.278,109.63,36.0,50.7,15.3,18197,11.0,16,37,39,60,14,14,12,10,0.99,Low,1.0922,High,Low Income,6.03,32.6,44.7,20,18,8298.17,2483.55,218.53,121.38,114.9,77.89,245.6,4.298,3266.15,11564.32,1.5685,28.24
2001,Sylhet,161,5024,26.43,418.4,113,422.185,135.29,31.2,49.3,20.3,12598,7.0,10,28,28,47,13,10,9,7,0.95,Low,1.0659,High,Low Income,0.1,32.8,44.7,5,12,4652.31,1532.57,125.6,58.02,42.32,36.12,194.43,5.008,1994.07,6646.38,1.3229,30.0
2001,Khulna,209,6613,25.9,466.2,226,389.0,122.94,31.6,77.1,24.3,22285,10.0,14,38,39,51,15,13,14,11,1.33,Low,1.0823,High,Low Income,11.53,34.5,46.0,16,19,8634.34,3206.19,274.69,149.3,152.92,79.13,231.17,9.622,4103.02,12737.36,1.9261,32.21
2001,Barisal,106,4301,25.86,427.7,53,506.0,124.71,40.6,59.1,12.3,13644,5.0,8,19,19,25,7,7,6,4,0.62,Low,1.0687,High,Low Income,2.32,31.8,44.1,9,7,4491.16,1394.14,119.32,82.68,40.94,29.68,147.16,6.115,1820.03,6311.19,1.4674,28.84
2001,Rangpur,198,7391,25.35,440.0,92,434.765,116.47,37.3,76.6,13.3,16317,10.0,16,34,43,53,13,12,10,9,0.54,Low,1.0749,High,Low Income,5.26,32.3,44.4,14,10,11996.36,3746.77,273.43,165.39,205.45,110.64,327.75,8.306,4837.74,16834.1,2.2776,28.74
2001,Mymensingh,181,6543,25.46,453.9,64,641.471,177.45,36.1,58.4,10.2,10584,6.0,15,36,37,58,13,11,9,10,0.63,Low,1.0693,High,Low Income,8.59,32.1,44.3,5,24,8547.82,2623.51,233.98,148.68,134.94,61.39,197.27,4.744,3404.51,11952.33,1.8267,28.48
2002,Dhaka,758,30871,25.51,483.0,4872,585.787,143.83,40.7,74.6,51.9,20594,31.0,59,120,148,207,47,52,44,40,9.24,Moderate,1.0807,High,Low Income,9.77,39.1,49.0,27,67,44325.79,13849.23,1177.02,900.55,490.91,192.71,1680.29,43.469,18334.18,62659.97,2.0297,29.26
2002,Chattogram,383,14329,24.54,438.1,2715,421.441,112.65,37.4,60.6,28.9,33771,20.0,32,62,73,111,27,28,22,18,7.99,Moderate,1.0968,High,Low Income,-0.43,34.6,45.9,18,48,17314.9,5412.55,475.98,339.48,271.12,82.6,542.32,14.359,7138.4,24453.3,1.7066,29.19
2002,Rajshahi,198,7955,25.08,457.7,465,425.401,105.88,40.2,67.1,15.6,18197,11.0,16,30,35,58,16,13,11,10,2.49,Low,1.0902,High,Low Income,4.02,33.0,45.0,19,20,10795.65,3341.8,285.96,152.41,144.59,90.46,280.76,5.066,4301.05,15096.71,1.8978,28.49
2002,Sylhet,152,5440,24.62,458.6,459,457.143,127.73,35.8,69.9,20.7,12598,7.0,11,27,36,42,13,10,9,8,3.86,Low,1.1049,High,Low Income,4.23,33.8,45.5,7,9,8057.86,2375.72,233.77,138.4,74.21,43.09,212.8,5.991,3083.99,11141.85,2.0481,27.68
2002,Khulna,205,6604,24.56,438.2,631,388.471,120.59,32.2,58.6,24.7,22285,10.0,17,35,41,55,15,13,12,9,3.71,Low,1.0898,High,Low Income,-0.41,33.9,45.5,9,21,8257.55,2349.65,228.64,151.2,84.97,77.89,289.22,2.776,3184.34,11441.89,1.7326,27.83
2002,Barisal,108,4216,25.08,446.2,160,496.0,127.06,39.0,88.4,12.5,13644,5.0,9,19,21,31,7,7,6,5,1.88,Low,1.0816,High,Low Income,1.41,32.3,44.4,9,6,7127.78,2313.02,210.23,94.96,123.7,52.93,220.68,5.317,3020.84,10148.62,2.4072,29.77
2002,Rangpur,201,7579,24.41,439.7,227,445.824,118.24,37.7,45.1,13.6,16317,10.0,15,36,40,61,19,13,11,10,1.34,Low,1.0726,High,Low Income,-0.07,32.3,44.4,19,10,7813.28,2436.81,217.46,127.44,95.6,53.15,291.2,8.777,3230.44,11043.72,1.4571,29.25
2002,Mymensingh,185,7562,24.95,456.6,191,741.373,181.37,40.9,50.5,10.4,10584,6.0,15,33,35,52,16,11,11,8,1.87,Low,1.0813,High,Low Income,3.77,32.2,44.4,11,12,7201.86,2534.98,204.99,110.86,119.67,39.55,224.02,6.0,3240.08,10441.94,1.3808,31.03
2003,Dhaka,821,34916,24.48,472.4,2592,662.543,155.79,42.5,35.5,52.9,20594,31.0,67,153,171,238,69,63,50,43,4.92,Moderate,1.0833,High,Low Income,2.25,39.0,48.9,82,101,27275.51,7470.24,642.14,579.13,339.07,250.06,897.86,10.287,10188.78,37464.3,1.073,27.2
2003,Chattogram,419,15486,24.7,514.4,872,455.471,123.24,37.0,75.0,29.3,33771,20.0,30,73,95,123,31,30,27,22,2.56,Low,1.0603,High,Low Income,11.34,36.4,47.4,24,19,26316.45,7737.3,658.18,559.58,433.88,131.53,765.21,8.668,10294.35,36610.8,2.3641,28.12
2003,Rajshahi,211,8229,24.9,479.9,185,440.053,112.83,39.0,86.9,15.9,18197,11.0,16,42,38,52,17,16,14,10,0.99,Low,1.0695,High,Low Income,3.87,33.6,45.4,20,29,15598.25,4423.31,366.67,340.87,166.15,135.77,422.52,6.573,5861.87,21460.12,2.6079,27.32
2003,Sylhet,155,5713,24.37,490.3,187,480.084,130.25,36.9,61.2,21.0,12598,7.0,12,25,33,41,10,10,10,8,1.57,Low,1.0828,High,Low Income,6.13,34.6,46.1,10,17,7350.35,2046.79,185.53,141.01,70.18,42.49,265.06,6.039,2757.09,10107.44,1.7692,27.28
2003,Khulna,220,6977,24.9,461.1,252,410.412,129.41,31.7,37.5,25.0,22285,10.0,18,41,44,63,20,15,13,11,1.48,Low,1.0695,High,Low Income,-0.19,34.5,46.0,7,12,5885.41,1797.26,148.04,105.01,76.68,53.65,168.82,12.769,2362.22,8247.63,1.1821,28.64
2003,Barisal,116,4552,24.06,492.6,66,535.529,136.47,39.2,87.3,12.8,13644,5.0,8,18,26,35,8,9,7,5,0.78,Low,1.065,High,Low Income,6.62,33.4,45.3,8,11,8301.59,2581.81,222.99,155.67,85.94,39.18,307.81,2.588,3395.98,11697.57,2.5698,29.03
2003,Rangpur,203,8498,24.12,482.3,124,499.882,119.41,41.9,83.7,13.9,16317,10.0,15,37,35,58,16,14,12,11,0.73,Low,1.0767,High,Low Income,4.39,33.3,45.2,9,16,15498.89,4040.45,369.75,276.45,205.02,148.92,332.65,9.299,5382.53,20881.41,2.4572,25.78
2003,Mymensingh,186,7242,24.62,497.0,94,710.0,182.35,38.9,50.4,10.7,10584,6.0,14,40,34,58,16,12,11,10,0.92,Low,1.0773,High,Low Income,7.58,33.2,45.2,18,25,7021.79,2360.68,219.71,105.33,78.38,59.76,194.51,6.122,3024.48,10046.28,1.3872,30.11
2004,Dhaka,863,34237,24.05,492.4,2718,649.658,163.76,39.7,43.8,53.8,20594,31.0,63,151,189,244,81,62,52,42,5.16,Moderate,1.0713,High,Low Income,1.11,39.6,49.4,48,48,29063.44,9713.97,885.47,410.71,309.58,279.0,1270.3,46.571,12915.6,41979.04,1.2261,30.77
2004,Chattogram,450,15651,24.11,539.8,1414,460.324,132.35,34.8,71.1,29.7,33771,20.0,35,86,100,131,36,28,24,21,4.16,Moderate,1.0798,High,Low Income,10.84,37.1,47.9,39,31,24730.84,6495.98,647.6,470.76,349.12,245.41,710.2,4.676,8923.76,33654.6,2.1503,26.52
2004,Rajshahi,224,9004,24.56,529.2,213,481.497,119.79,40.2,25.0,16.2,18197,11.0,15,39,40,53,18,16,12,8,1.14,Low,1.0654,High,Low Income,8.67,34.8,46.3,10,22,4280.28,1173.14,110.65,91.55,39.99,20.09,139.48,8.436,1583.34,5863.62,0.6512,27.0
2004,Sylhet,176,5618,25.14,532.6,204,472.101,147.9,31.9,70.5,21.4,12598,7.0,14,29,36,46,16,12,10,8,1.71,Low,1.0737,High,Low Income,9.36,35.6,46.9,15,8,7814.22,2176.66,247.06,109.68,112.07,43.63,223.42,9.727,2922.25,10736.47,1.9111,27.22
2004,Khulna,225,7967,23.92,514.2,318,468.647,132.35,35.4,86.0,25.4,22285,10.0,17,39,46,67,19,15,13,11,1.87,Low,1.0716,High,Low Income,5.59,35.8,47.0,18,21,14859.49,4210.38,418.51,219.43,119.4,128.19,443.09,5.197,5544.2,20403.69,2.561,27.17
2004,Barisal,121,4541,24.0,514.5,88,534.235,142.35,37.5,54.0,13.0,13644,5.0,8,22,26,32,9,8,6,6,1.04,Low,1.0709,High,Low Income,5.65,34.0,45.7,10,11,5253.0,1421.51,121.33,63.54,45.98,48.85,184.34,4.511,1890.06,7143.06,1.573,26.46
2004,Rangpur,227,8405,23.71,497.1,157,494.412,133.53,37.0,72.6,14.2,16317,10.0,18,45,41,62,17,13,13,11,0.92,Low,1.0793,High,Low Income,2.07,33.7,45.5,21,13,13525.98,3963.35,348.06,179.55,149.9,127.06,455.52,12.039,5235.48,18761.46,2.2322,27.91
2004,Mymensingh,195,8181,24.9,503.4,111,802.059,191.18,42.0,55.4,10.9,10584,6.0,16,38,38,53,14,12,11,10,1.09,Low,1.0746,High,Low Income,3.37,33.4,45.3,7,25,8592.74,2709.88,258.17,111.95,135.78,79.95,273.9,8.001,3577.63,12170.36,1.4876,29.4
2005,Dhaka,903,39745,23.12,580.3,2043,754.175,171.35,44.0,63.0,54.8,20594,31.0,67,163,165,193,74,67,43,41,3.88,Moderate,1.0805,High,Low Income,11.81,41.8,51.1,48,120,44321.49,14406.59,1376.43,964.53,713.92,411.68,1095.46,42.286,19010.89,63332.38,1.5935,30.02
2005,Chattogram,462,16021,24.03,576.2,866,471.206,135.88,34.7,70.2,30.2,33771,20.0,37,88,95,120,35,35,26,22,2.55,Low,1.0735,High,Low Income,11.02,38.0,48.6,42,58,23204.92,7262.7,677.4,478.96,373.77,129.97,841.07,7.117,9770.98,32975.91,2.0583,29.63
2005,Rajshahi,242,8957,22.6,537.5,160,478.984,129.41,37.0,78.0,16.5,18197,11.0,20,45,47,65,18,15,16,11,0.86,Low,1.0737,Medium-High,Low Income,3.56,35.0,46.5,7,14,14779.76,4326.18,382.78,298.05,186.27,86.18,494.77,5.174,5779.4,20559.17,2.2953,28.11
2005,Sylhet,181,6117,23.9,544.5,166,514.034,152.1,33.8,74.5,21.7,12598,7.0,14,30,39,50,11,13,10,8,1.39,Low,1.09,High,Low Income,4.91,36.0,47.2,17,16,9676.03,2792.03,246.91,199.75,170.96,54.91,296.14,5.427,3766.13,13442.16,2.1975,28.02
2005,Khulna,229,7945,23.63,585.3,268,467.353,134.71,34.7,54.8,25.7,22285,10.0,19,42,46,69,14,16,13,9,1.58,Low,1.0906,High,Low Income,12.77,37.5,48.3,8,19,9305.94,2874.9,246.22,122.4,164.75,47.19,366.71,5.33,3827.51,13133.45,1.653,29.14
2005,Barisal,125,4861,22.94,571.2,64,571.882,147.06,38.9,40.4,13.3,13644,5.0,9,21,25,38,8,8,7,6,0.75,Low,1.0771,Medium-High,Low Income,10.06,35.3,46.8,5,13,3888.25,1077.61,94.79,58.86,54.68,27.48,116.61,4.854,1434.88,5323.13,1.0951,26.96
2005,Rangpur,228,8644,23.54,522.8,105,508.471,134.12,37.9,74.7,14.5,16317,10.0,16,45,45,63,19,16,14,11,0.62,Low,1.0795,High,Low Income,0.73,34.4,46.0,12,10,13764.67,3784.39,352.09,292.58,184.23,114.47,427.45,9.925,5165.15,18929.82,2.1899,27.29
2005,Mymensingh,207,8083,23.54,567.0,86,792.451,202.94,39.0,91.6,11.1,10584,6.0,17,40,37,56,15,14,12,10,0.84,Low,1.0865,High,Low Income,9.25,34.9,46.5,10,16,15008.5,4530.46,389.45,229.66,167.18,136.4,487.33,5.178,5945.66,20954.17,2.5924,28.37
2006,Dhaka,959,39428,23.52,591.0,1636,748.159,181.97,41.1,72.9,55.7,20594,31.0,76,178,167,244,69,67,65,56,3.1,Moderate,1.0767,High,Low Income,6.29,42.2,51.4,89,97,59318.24,15491.53,1361.38,887.2,550.05,386.91,1953.25,42.067,20672.39,79990.63,2.0288,25.84
2006,Chattogram,487,18183,23.7,583.7,801,534.794,143.24,37.3,75.6,30.6,33771,20.0,40,85,100,136,42,33,25,26,2.36,Low,1.0808,High,Low Income,4.98,38.2,48.8,36,42,30710.4,8092.43,848.11,536.8,245.81,175.71,771.65,18.993,10689.49,41399.89,2.2768,25.82
2006,Rajshahi,252,9808,22.84,593.8,152,524.492,134.76,38.9,78.7,16.8,18197,11.0,21,47,53,73,19,18,16,13,0.81,Low,1.0832,Medium-High,Low Income,6.8,36.4,47.6,9,23,16498.23,4723.34,428.27,233.24,210.05,155.2,537.11,4.658,6291.88,22790.11,2.3236,27.61
2006,Sylhet,185,5795,23.49,607.5,104,486.975,155.46,31.3,64.9,22.1,12598,7.0,11,33,42,56,15,12,11,8,0.87,Low,1.067,High,Lower Middle,9.26,37.5,48.3,8,7,8301.28,2225.78,206.67,127.44,134.35,70.62,250.21,3.928,3019.0,11320.28,1.9535,26.67
2006,Khulna,236,8693,23.32,579.7,202,511.353,138.82,36.8,76.4,26.1,22285,10.0,19,40,37,65,21,17,15,12,1.19,Low,1.0812,High,Low Income,4.26,37.4,48.2,10,25,13460.11,3648.31,341.96,225.48,222.06,59.72,347.18,9.791,4854.49,18314.61,2.1068,26.51
2006,Barisal,137,5024,22.48,597.6,60,591.059,161.18,36.7,82.0,13.6,13644,5.0,9,27,25,40,10,10,7,6,0.71,Low,1.0857,Medium-High,Low Income,7.48,36.0,47.3,5,11,8317.58,2460.04,226.58,120.1,121.11,33.55,271.93,6.645,3239.96,11557.53,2.3005,28.03
2006,Rangpur,242,10035,22.63,574.7,72,590.294,142.35,41.5,68.8,14.8,16317,10.0,19,44,47,75,16,15,14,10,0.42,Low,1.0647,Medium-High,Low Income,3.36,35.6,47.0,14,29,14708.88,3930.48,391.93,317.41,193.86,63.27,344.82,12.685,5254.45,19963.33,1.9894,26.32
2006,Mymensingh,207,9102,22.45,610.0,67,892.353,202.94,44.0,81.7,11.3,10584,6.0,16,41,34,65,14,14,11,10,0.66,Low,1.08,Medium-High,Lower Middle,9.71,35.9,47.3,16,18,15349.94,4938.51,404.83,335.84,214.2,148.9,580.24,8.411,6630.93,21980.87,2.4149,30.17
2007,Dhaka,965,42244,22.5,670.6,1999,801.594,183.11,43.8,84.3,56.7,20594,31.0,81,171,182,298,85,64,49,52,3.79,Moderate,1.0793,Medium-High,Lower Middle,12.14,44.2,53.0,45,100,82521.14,20798.42,2121.5,1442.36,1400.56,698.29,1990.15,22.156,28473.43,110994.57,2.6275,25.65
2007,Chattogram,480,18971,23.1,665.6,888,557.971,141.18,39.5,32.6,31.0,33771,20.0,42,78,101,147,32,34,27,23,2.61,Low,1.0758,High,Lower Middle,11.3,40.2,50.3,23,34,13801.93,3180.25,326.57,237.57,196.92,77.95,322.58,11.657,4353.49,18155.43,0.957,23.98
2007,Rajshahi,244,10106,22.89,648.1,200,540.428,130.48,41.4,89.2,17.1,18197,11.0,18,44,56,85,20,16,15,13,1.07,Low,1.0927,Medium-High,Lower Middle,8.38,37.7,48.6,14,22,20455.43,6585.78,569.6,273.77,210.95,166.99,686.48,3.224,8496.8,28952.23,2.8649,29.35
2007,Sylhet,203,6751,22.93,638.5,146,567.311,170.59,33.3,76.7,22.4,12598,7.0,16,35,33,61,15,13,12,9,1.23,Low,1.0797,Medium-High,Lower Middle,6.77,38.3,48.9,18,23,10243.82,3150.33,257.85,144.11,124.99,96.59,323.77,9.09,4106.73,14350.56,2.1257,28.62
2007,Khulna,264,9309,22.54,635.7,196,547.588,155.29,35.3,60.3,26.4,22285,10.0,21,47,52,69,20,17,16,14,1.15,Low,1.0667,Medium-High,Lower Middle,6.3,38.8,49.3,15,30,10738.6,2975.17,296.0,129.5,123.68,91.5,373.11,15.225,4004.18,14742.78,1.5837,27.16
2007,Barisal,146,5559,22.95,648.6,67,654.0,171.76,38.1,86.5,13.8,13644,5.0,11,26,25,42,12,10,9,7,0.79,Low,1.0812,Medium-High,Lower Middle,8.46,37.2,48.3,7,15,8996.95,3188.08,268.33,162.24,91.82,47.83,292.3,1.672,4052.27,13049.22,2.3474,31.05
2007,Rangpur,259,10488,22.44,637.6,106,616.941,152.35,40.5,66.4,15.1,16317,10.0,21,42,55,77,19,18,16,12,0.62,Low,1.0808,Medium-High,Lower Middle,6.62,37.1,48.2,14,24,15200.73,4399.53,401.15,207.5,192.65,72.44,466.83,2.939,5743.04,20943.77,1.9969,27.42
2007,Mymensingh,213,9086,22.57,608.4,75,890.784,208.82,42.7,70.4,11.5,10584,6.0,16,36,38,55,21,16,11,9,0.74,Low,1.0759,Medium-High,Lower Middle,1.74,35.9,47.3,9,15,12733.14,3677.07,392.34,234.64,119.14,86.21,276.88,6.167,4792.46,17525.6,1.9289,27.35
2008,Dhaka,1018,43559,22.63,721.9,8638,826.546,193.17,42.8,53.6,57.7,20594,31.0,76,164,200,278,97,73,54,48,16.39,Moderate,1.0888,Medium-High,Lower Middle,11.92,45.5,54.0,31,95,45012.4,15900.39,1229.11,710.8,698.6,404.73,1392.98,14.349,20350.96,65363.36,1.5006,31.14
2008,Chattogram,526,19680,23.36,742.0,3132,578.824,154.71,37.4,68.1,31.5,33771,20.0,43,108,108,151,41,40,34,24,9.21,Moderate,1.0693,High,Lower Middle,15.04,42.0,51.8,50,31,26703.67,8472.79,746.56,413.9,387.24,231.99,923.19,25.096,11200.76,37904.43,1.926,29.55
2008,Rajshahi,273,9964,22.11,659.7,662,532.834,145.99,36.5,64.8,17.4,18197,11.0,22,54,57,81,21,21,16,12,3.54,Low,1.0798,Medium-High,Lower Middle,2.28,38.0,48.8,21,31,14570.63,4279.83,413.22,197.05,134.96,116.81,438.02,5.705,5585.59,20156.22,2.0229,27.71
2008,Sylhet,199,7382,22.43,672.1,631,620.336,167.23,37.1,49.5,22.8,12598,7.0,16,37,36,51,16,12,12,8,5.3,Low,1.0896,Medium-High,Lower Middle,4.2,39.1,49.6,7,8,6992.49,2064.84,194.28,126.37,108.24,32.78,256.53,11.589,2794.62,9787.11,1.3258,28.55
2008,Khulna,255,9189,22.18,684.2,889,540.529,150.0,36.0,53.0,26.8,22285,10.0,21,50,52,77,23,19,15,13,5.23,Low,1.0786,Medium-High,Lower Middle,6.08,40.0,50.2,19,26,10450.8,3091.25,325.61,196.2,183.74,66.68,356.05,3.519,4223.04,14673.84,1.5969,28.78
2008,Barisal,155,6190,22.45,666.6,224,728.235,182.35,39.9,86.2,14.1,13644,5.0,13,29,32,45,12,11,7,7,2.64,Low,1.0711,Medium-High,Lower Middle,3.35,37.7,48.6,13,11,10835.7,3499.12,310.12,213.73,178.82,82.38,261.43,9.175,4554.77,15390.47,2.4863,29.59
2008,Rangpur,264,10128,22.12,694.0,326,595.765,155.29,38.4,67.3,15.4,16317,10.0,21,49,56,70,19,16,15,12,1.92,Low,1.0648,Medium-High,Lower Middle,7.6,38.5,49.3,9,35,13413.49,4030.18,338.43,210.67,175.17,81.12,487.25,13.495,5336.3,18749.8,1.8513,28.46
2008,Mymensingh,235,9044,22.97,711.4,289,886.667,230.39,38.5,72.7,11.7,10584,6.0,19,35,45,70,18,14,14,13,2.83,Low,1.0765,Medium-High,Lower Middle,10.29,38.4,49.2,11,28,14031.81,4042.32,371.7,284.66,211.5,92.79,452.95,13.694,5469.62,19501.42,2.1563,28.05
2009,Dhaka,1068,48101,21.22,762.5,3773,912.732,202.66,45.0,82.6,58.6,20594,31.0,93,195,204,310,77,78,66,52,7.16,Moderate,1.0821,Medium-High,Lower Middle,8.93,46.6,54.8,94,51,77315.86,22039.98,2158.37,1301.61,955.3,648.38,1856.31,56.161,29016.11,106331.97,2.2106,27.29
2009,Chattogram,564,19050,22.03,793.8,1751,560.294,165.88,33.8,30.9,31.9,33771,20.0,37,115,110,161,44,38,32,28,5.15,Moderate,1.082,Medium-High,Lower Middle,13.4,43.3,52.7,50,32,12083.58,3779.24,359.16,174.47,152.82,92.58,414.9,6.449,4979.63,17063.21,0.8957,29.18
2009,Rajshahi,298,11459,22.08,732.8,295,612.781,159.36,38.5,45.5,17.7,18197,11.0,25,59,56,81,20,20,19,14,1.58,Low,1.0751,Medium-High,Lower Middle,4.69,39.8,50.2,9,40,10602.49,3218.41,286.06,211.82,120.9,98.41,381.45,7.096,4324.16,14926.65,1.3026,28.97
2009,Sylhet,221,7182,20.91,721.3,274,603.529,185.71,32.5,46.5,23.1,12598,7.0,18,40,48,57,18,15,13,12,2.3,Low,1.0822,Medium-High,Lower Middle,3.04,40.3,50.5,14,26,6662.35,2184.14,187.65,127.92,85.85,56.96,249.78,9.347,2901.64,9563.99,1.3317,30.34
2009,Khulna,286,9193,22.17,721.9,402,540.765,168.24,32.1,49.9,27.1,22285,10.0,21,55,50,61,22,20,18,13,2.36,Low,1.0751,Medium-High,Lower Middle,3.13,40.9,50.9,19,23,8280.7,2684.76,210.35,117.72,123.53,48.34,298.1,9.628,3492.43,11773.12,1.2807,29.66
2009,Barisal,163,6042,21.88,781.4,135,710.824,191.76,37.1,64.2,14.3,13644,5.0,14,27,31,46,11,11,10,7,1.59,Low,1.0903,Medium-High,Lower Middle,11.63,40.4,50.8,7,8,8418.81,2546.0,213.66,128.87,126.52,47.36,214.99,2.613,3280.02,11698.83,1.9363,28.04
2009,Rangpur,280,11562,20.85,762.3,193,680.118,164.71,41.3,36.4,15.7,16317,10.0,22,52,52,86,24,20,16,14,1.14,Low,1.0809,Medium-High,Lower Middle,8.9,40.1,50.5,27,25,8304.79,2472.56,251.36,162.96,81.81,44.0,276.02,12.944,3301.65,11606.44,1.0038,28.45
2009,Mymensingh,248,10089,20.87,739.2,164,989.118,243.14,40.7,74.0,12.0,10584,6.0,19,44,42,77,19,17,16,11,1.61,Low,1.0915,Medium-High,Lower Middle,5.6,39.0,49.7,16,16,14641.72,4497.33,376.68,190.42,145.56,78.55,354.74,2.655,5645.93,20287.65,2.0109,27.83
2010,Dhaka,1130,47658,20.71,873.0,4089,904.326,214.42,42.2,62.0,59.6,20594,31.0,83,213,202,336,83,74,59,54,7.76,Moderate,1.0632,Medium-High,Lower Middle,15.02,49.3,57.0,102,110,63327.32,18318.83,1729.78,1110.36,948.27,301.29,2227.78,39.035,24675.35,88002.67,1.8465,28.04
2010,Chattogram,597,23051,20.8,823.0,2210,677.971,175.59,38.6,48.5,32.3,33771,20.0,51,111,130,151,54,46,37,34,6.5,Moderate,1.0735,Medium-High,Lower Middle,8.43,44.1,53.3,52,47,23517.5,6569.35,680.15,385.8,231.5,101.32,856.57,20.23,8844.92,32362.41,1.4039,27.33
2010,Rajshahi,296,12942,20.49,783.8,497,692.086,158.29,43.7,56.0,18.0,18197,11.0,24,45,62,84,24,22,18,14,2.66,Low,1.09,Medium-High,Lower Middle,3.27,41.0,51.2,29,15,16027.33,4407.61,413.9,293.21,136.81,78.46,458.75,7.457,5796.19,21823.53,1.6863,26.56
2010,Sylhet,222,7749,20.29,852.2,413,651.176,186.55,34.9,31.2,23.5,12598,7.0,16,39,49,49,19,15,12,10,3.47,Low,1.0881,Medium-High,Lower Middle,12.28,43.4,53.0,13,27,5302.92,1418.2,125.63,95.79,84.36,28.39,166.24,7.221,1925.83,7228.75,0.9329,26.64
2010,Khulna,298,9946,20.54,874.6,619,585.059,175.29,33.4,71.2,27.5,22285,10.0,21,57,63,73,26,21,19,13,3.64,Low,1.0822,Medium-High,Lower Middle,15.23,44.5,53.8,13,18,15484.95,4454.21,398.06,233.11,220.05,118.58,491.0,17.099,5932.1,21417.05,2.1533,27.7
2010,Barisal,156,6014,20.44,841.9,139,707.529,183.53,38.6,36.2,14.6,13644,5.0,12,28,31,39,13,12,8,7,1.64,Low,1.0662,Medium-High,Lower Middle,10.92,41.8,51.9,11,10,4304.87,1338.79,120.39,58.42,41.92,19.16,112.42,5.074,1696.17,6001.04,0.9978,28.26
2010,Rangpur,301,11874,21.28,799.4,264,698.471,177.06,39.4,74.5,16.0,16317,10.0,28,51,64,83,22,18,20,15,1.55,Low,1.0787,Medium-High,Lower Middle,5.32,41.1,51.3,25,30,19764.24,5201.88,531.54,376.9,297.05,132.9,564.02,16.915,7121.21,26885.45,2.2642,26.49
2010,Mymensingh,264,10075,21.3,842.0,171,987.745,258.82,38.2,72.6,12.2,10584,6.0,18,48,42,59,20,18,16,12,1.68,Low,1.0679,Medium-High,Lower Middle,10.94,41.5,51.7,23,12,13522.11,4236.97,349.89,288.52,165.66,98.27,456.6,14.631,5610.55,19132.66,1.899,29.32
2011,Dhaka,1239,49786,21.27,868.7,8787,944.706,235.1,40.2,55.4,60.5,20594,31.0,94,197,300,322,88,90,72,59,16.67,Moderate,1.0666,Medium-High,Lower Middle,5.17,49.3,57.0,96,136,57676.29,16896.86,1415.43,869.53,893.38,427.68,1542.51,20.094,22065.49,79741.78,1.6017,27.67
2011,Chattogram,595,20690,20.58,953.1,5573,608.529,175.0,34.8,49.6,32.8,33771,20.0,42,95,122,182,45,36,36,31,16.39,Moderate,1.0909,Medium-High,Lower Middle,15.39,47.2,55.8,31,38,19521.3,7108.23,546.4,331.95,252.57,87.51,534.27,18.803,8879.72,28401.03,1.3727,31.27
2011,Rajshahi,312,12698,20.88,860.6,1033,679.037,166.84,40.7,67.3,18.3,18197,11.0,25,53,58,82,23,22,15,13,5.52,Moderate,1.0919,Medium-High,Lower Middle,4.19,42.8,52.6,24,20,16375.15,5352.08,486.16,354.02,267.89,122.01,653.28,18.713,7254.16,23629.31,1.8609,30.7
2011,Sylhet,250,8418,21.13,855.1,688,707.395,210.08,33.7,48.0,23.8,12598,7.0,20,48,47,74,21,17,15,12,5.78,Low,1.0721,Medium-High,Lower Middle,3.52,43.5,53.1,17,25,8074.27,2340.01,227.86,157.95,102.58,63.86,304.29,4.769,3201.33,11275.6,1.3395,28.39
2011,Khulna,304,10715,21.1,904.1,1142,630.294,178.82,35.2,69.8,27.8,22285,10.0,25,64,60,77,24,22,17,15,6.72,Moderate,1.0745,Medium-High,Lower Middle,9.46,45.3,54.4,16,33,16580.15,4636.25,445.13,214.09,190.33,99.48,500.21,16.078,6101.56,22681.71,2.1168,26.9
2011,Barisal,176,6638,20.93,882.0,359,780.941,207.06,37.7,65.3,14.9,13644,5.0,13,31,32,49,14,10,11,9,4.22,Low,1.0841,Medium-High,Lower Middle,6.78,42.8,52.7,9,24,7934.99,2461.32,226.59,170.22,128.04,57.93,239.86,4.528,3288.48,11223.47,1.6908,29.3
2011,Rangpur,335,11429,20.68,894.6,550,672.294,197.06,34.1,71.7,16.3,16317,10.0,26,53,64,97,28,23,19,16,3.24,Low,1.0806,Medium-High,Lower Middle,8.31,43.3,53.0,14,25,16259.74,5162.8,479.43,278.79,290.74,129.2,513.09,10.272,6864.33,23124.07,2.0233,29.68
2011,Mymensingh,271,10651,21.23,932.8,356,1044.216,265.69,39.3,85.2,12.4,10584,6.0,22,52,52,75,23,17,15,12,3.49,Low,1.0696,Medium-High,Lower Middle,12.93,43.6,53.3,16,29,18069.14,5784.6,479.86,329.84,281.88,94.35,570.57,15.28,7556.37,25625.5,2.4059,29.49
2012,Dhaka,1234,57683,20.41,946.0,7698,1094.554,234.16,46.7,86.2,61.5,20594,31.0,99,213,244,341,101,90,73,63,14.61,Moderate,1.0876,Medium-High,Lower Middle,4.53,51.3,58.5,84,60,101341.61,29305.49,2579.95,2202.3,1427.77,550.87,2226.0,46.327,38338.72,139680.33,2.4215,27.45
2012,Chattogram,695,23919,20.62,1049.5,3819,703.5,204.41,34.4,49.7,33.2,33771,20.0,50,113,151,196,53,46,37,33,11.23,Moderate,1.0935,Medium-High,Lower Middle,15.97,49.5,57.6,55,63,25532.02,7843.42,668.62,539.47,322.07,120.12,936.45,24.269,10454.42,35986.44,1.5045,29.05
2012,Rajshahi,318,12841,20.72,964.1,620,686.684,170.05,40.4,69.2,18.7,18197,11.0,26,59,59,75,24,24,21,16,3.32,Low,1.0827,Medium-High,Lower Middle,6.53,45.3,54.5,30,28,16865.09,5598.34,471.91,343.16,300.24,92.12,561.09,9.279,7376.14,24241.22,1.8878,30.43
2012,Sylhet,252,8054,20.29,1036.1,487,676.807,211.76,32.0,70.3,24.2,12598,7.0,21,50,53,74,20,18,16,11,4.09,Low,1.0765,Medium-High,Lower Middle,14.49,47.8,56.4,16,30,12963.85,3440.3,316.3,267.58,139.52,113.3,320.33,14.292,4611.63,17575.48,2.1822,26.24
2012,Khulna,330,11833,20.15,965.2,852,696.059,194.12,35.9,91.2,28.2,22285,10.0,25,54,67,93,27,23,20,18,5.01,Low,1.0834,Medium-High,Lower Middle,6.65,46.7,55.5,22,24,22237.31,7034.77,565.97,333.24,308.42,222.23,651.9,5.752,9122.28,31359.58,2.6502,29.09
2012,Barisal,183,7310,19.84,997.2,242,860.0,215.29,39.9,43.5,15.1,13644,5.0,14,34,36,45,13,13,10,8,2.85,Low,1.085,Medium,Lower Middle,10.19,45.5,54.8,12,11,5963.26,2003.7,157.77,103.97,74.86,35.37,175.22,8.212,2559.09,8522.35,1.1658,30.03
2012,Rangpur,332,13310,19.74,1023.8,375,782.941,195.29,40.1,80.0,16.7,16317,10.0,26,61,62,94,27,23,18,16,2.21,Low,1.0824,Medium,Lower Middle,13.13,46.4,55.4,25,40,20871.02,6918.79,608.41,259.56,322.4,171.8,773.52,9.729,9064.21,29935.23,2.2491,30.28
2012,Mymensingh,300,11159,21.08,1048.2,209,1094.02,294.12,37.2,80.2,12.6,10584,6.0,25,54,65,81,21,23,17,15,2.05,Low,1.0612,Medium-High,Lower Middle,15.82,46.3,55.5,27,25,18726.33,5281.96,507.48,317.47,156.74,131.34,545.46,16.046,6956.51,25682.84,2.3015,27.09
2013,Dhaka,1322,54993,19.76,1088.4,1309,1043.51,250.85,41.6,73.2,62.4,20594,31.0,98,272,248,419,103,92,86,72,2.48,Moderate,1.0786,Medium,Lower Middle,9.83,54.8,61.2,83,181,91874.15,25366.69,2153.98,1522.29,1398.73,593.5,2661.06,23.423,33719.67,125593.81,2.2838,26.85
2013,Chattogram,674,25756,20.01,1064.0,654,757.529,198.24,38.2,88.6,33.7,33771,20.0,52,118,145,177,47,46,38,31,1.92,Low,1.0845,Medium-High,Lower Middle,7.37,49.9,57.9,38,48,47126.01,13705.26,1195.98,891.96,683.25,429.35,1559.19,35.7,18500.69,65626.69,2.548,28.19
2013,Rajshahi,304,13900,20.1,1113.5,98,743.316,162.57,45.7,56.0,19.0,18197,11.0,23,53,55,73,24,20,17,15,0.52,Low,1.0685,Medium-High,Lower Middle,12.36,48.8,57.3,28,42,15539.11,5191.8,388.91,304.47,259.87,65.5,395.29,12.634,6618.49,22157.6,1.5941,29.87
2013,Sylhet,248,9029,20.6,1117.1,100,758.739,208.4,36.4,84.1,24.5,12598,7.0,20,38,49,53,20,17,15,13,0.84,Low,1.0823,Medium-High,Lower Middle,12.72,49.7,57.9,19,32,13269.48,4297.25,349.75,216.82,119.22,103.53,501.9,7.982,5596.46,18865.93,2.0895,29.66
2013,Khulna,317,12219,20.02,1025.9,169,718.765,186.47,38.5,68.3,28.5,22285,10.0,25,57,60,82,26,21,20,15,0.99,Low,1.0869,Medium-High,Lower Middle,3.52,48.2,56.7,22,37,17490.98,5053.94,434.05,349.15,191.24,109.3,393.0,11.589,6542.26,24033.24,1.9669,27.22
2013,Barisal,191,7030,19.63,1042.0,48,827.059,224.71,36.8,80.9,15.4,13644,5.0,16,36,41,58,17,13,12,9,0.56,Low,1.0874,Medium,Lower Middle,5.15,46.6,55.6,7,16,12895.9,3436.24,325.27,164.93,215.47,99.53,276.67,10.628,4528.74,17424.64,2.4786,25.99
2013,Rangpur,360,14524,19.0,1053.0,69,854.353,211.76,40.3,87.4,17.0,16317,10.0,27,66,67,96,29,25,23,16,0.41,Low,1.0792,Medium,Lower Middle,6.26,47.1,56.0,14,30,26719.37,8096.92,688.39,388.85,216.27,235.87,938.66,15.797,10580.76,37300.14,2.5682,28.37
2013,Mymensingh,297,11818,19.97,1064.9,58,1158.627,291.18,39.8,73.0,12.8,10584,6.0,23,56,59,73,25,19,17,14,0.57,Low,1.0883,Medium,Lower Middle,7.46,46.8,55.8,13,23,18128.83,5074.42,480.03,324.07,260.86,118.67,420.53,15.523,6694.1,24822.93,2.1004,26.97
2014,Dhaka,1477,61473,18.81,1179.6,2980,1166.471,280.27,41.6,71.8,63.4,20594,31.0,113,268,280,416,112,98,95,80,5.65,Moderate,1.0819,Medium,Lower Middle,8.72,57.0,63.0,145,156,95844.96,27420.61,2370.46,1377.49,1314.92,713.94,3377.24,36.573,36611.23,132456.19,2.1547,27.64
2014,Chattogram,712,27419,19.28,1150.0,1265,806.441,209.41,38.5,55.4,34.1,33771,20.0,54,115,150,206,52,55,44,34,3.72,Moderate,1.0748,Medium,Lower Middle,5.99,51.9,59.5,46,92,29086.08,8821.64,851.75,513.64,432.16,246.3,675.21,28.708,11569.41,40655.49,1.4827,28.46
2014,Rajshahi,370,14985,19.11,1151.7,306,801.337,197.86,40.5,87.2,19.3,18197,11.0,31,71,73,113,30,28,24,16,1.64,Low,1.0984,Medium,Lower Middle,6.15,49.8,58.0,28,41,29614.21,7699.53,804.43,591.95,416.69,181.06,774.28,15.186,10483.12,40097.34,2.6758,26.14
2014,Sylhet,278,9745,19.12,1204.6,251,818.908,233.61,35.1,58.9,24.9,12598,7.0,23,45,62,77,21,18,17,13,2.11,Low,1.095,Medium,Lower Middle,11.02,51.8,59.6,16,27,12748.31,3373.62,333.61,259.85,182.08,120.09,360.23,7.074,4636.56,17384.87,1.784,26.67
2014,Khulna,368,13302,19.52,1215.0,376,782.471,216.47,36.1,65.9,28.9,22285,10.0,28,68,77,96,29,21,24,17,2.21,Low,1.0887,Medium,Lower Middle,11.98,52.7,60.2,24,50,16833.69,5433.86,508.35,217.18,184.35,142.83,429.96,6.112,6922.64,23756.33,1.7859,29.14
2014,Barisal,185,7004,19.92,1186.4,95,824.0,217.65,37.9,47.7,15.7,13644,5.0,13,33,32,50,14,13,11,9,1.12,Low,1.0801,Medium,Lower Middle,9.35,50.0,58.3,15,21,6509.48,2160.49,166.83,137.58,106.14,36.07,260.85,6.307,2874.27,9383.75,1.3398,30.63
2014,Rangpur,375,14362,19.51,1159.1,139,844.824,220.59,38.3,85.5,17.3,16317,10.0,28,62,66,100,29,26,24,19,0.82,Low,1.0735,Medium,Lower Middle,6.83,49.6,58.0,30,51,25364.56,6948.23,663.17,333.59,447.15,122.88,847.73,19.878,9382.63,34747.18,2.4194,27.0
2014,Mymensingh,331,12696,19.99,1248.3,119,1244.706,324.51,38.4,72.2,13.0,10584,6.0,26,57,74,92,23,23,18,17,1.17,Low,1.0837,Medium,Lower Middle,15.05,51.1,59.2,20,35,19645.32,5760.09,499.65,393.81,229.02,171.78,399.48,12.19,7466.02,27111.34,2.1354,27.54
2015,Dhaka,1430,70375,18.71,1236.0,2647,1335.389,271.35,49.2,68.9,64.3,20594,31.0,105,262,258,392,123,106,85,65,5.02,Moderate,1.0864,Medium,Lower Middle,4.57,58.5,64.1,45,183,105245.0,24767.67,2646.3,1878.16,1707.51,1014.75,1911.13,31.018,33956.53,139201.53,1.978,24.39
2015,Chattogram,770,28213,18.41,1219.9,1239,829.794,226.47,36.6,73.0,34.5,33771,20.0,60,120,144,226,68,52,48,32,3.64,Moderate,1.087,Low,Lower Middle,3.21,53.6,60.8,39,62,43152.22,12319.3,1121.8,912.78,440.74,188.98,1396.04,42.711,16422.35,59574.57,2.1116,27.57
2015,Rajshahi,370,15708,19.72,1158.7,192,840.0,197.86,42.5,58.6,19.6,18197,11.0,31,65,80,108,24,24,21,19,1.03,Low,1.0733,Medium,Lower Middle,-1.97,50.0,58.2,14,31,18611.57,5880.1,534.16,399.45,205.54,129.46,453.61,20.114,7622.43,26234.01,1.6701,29.06
2015,Sylhet,286,10361,18.69,1235.8,186,870.672,240.34,36.2,47.8,25.2,12598,7.0,24,57,53,83,24,19,16,16,1.56,Low,1.0836,Medium,Lower Middle,4.55,52.6,60.2,16,14,9579.62,3145.12,278.92,186.15,167.26,62.41,361.52,5.07,4206.45,13786.07,1.3306,30.51
2015,Khulna,390,14490,18.71,1209.5,291,852.353,229.41,37.2,80.4,29.2,22285,10.0,35,71,81,121,32,26,22,19,1.71,Low,1.0815,Medium,Lower Middle,2.33,52.6,60.1,37,48,25169.38,8314.09,693.35,404.75,440.85,105.62,713.48,12.546,10684.68,35854.06,2.4744,29.8
2015,Barisal,216,9349,19.33,1152.8,65,1099.882,254.12,43.3,52.1,15.9,13644,5.0,16,35,42,61,16,14,11,11,0.76,Low,1.065,Medium,Lower Middle,-2.47,49.3,57.7,9,11,9282.49,2815.77,240.73,175.04,124.8,91.59,269.76,6.46,3724.14,13006.63,1.3912,28.63
2015,Rangpur,376,16567,18.95,1261.6,125,974.529,221.18,44.1,39.2,17.6,16317,10.0,29,65,64,102,31,23,24,19,0.74,Low,1.0784,Medium,Lower Middle,6.73,52.1,59.9,31,24,13908.61,3751.6,347.19,230.15,203.45,109.19,427.54,4.162,5073.28,18981.89,1.1458,26.73
2015,Mymensingh,345,14710,19.47,1156.6,122,1442.157,338.24,42.6,88.2,13.3,10584,6.0,28,53,68,90,29,26,17,17,1.2,Low,1.1018,Medium,Lower Middle,-2.15,49.0,57.5,31,25,25506.8,7859.44,709.16,450.09,221.55,219.13,602.57,7.175,10069.12,35575.92,2.4185,28.3
2016,Dhaka,1559,66282,18.98,1301.5,4753,1257.723,295.83,42.5,54.9,65.3,20594,31.0,114,283,313,399,134,129,93,81,9.02,Moderate,1.0809,Medium,Lower Middle,7.47,60.2,65.4,74,89,71722.44,20378.09,2121.94,1506.55,575.81,656.29,1672.2,25.723,26936.6,98659.04,1.4885,27.3
2016,Chattogram,781,29843,18.85,1385.3,2317,877.735,229.71,38.2,85.4,35.0,33771,20.0,55,135,152,217,65,51,45,39,6.81,Moderate,1.0849,Medium,Lower Middle,14.39,57.6,63.9,32,35,52174.44,15462.6,1433.25,639.54,425.15,456.0,1227.36,20.453,19664.36,71838.8,2.4072,27.37
2016,Rajshahi,399,16385,18.57,1398.4,399,876.203,213.37,41.1,35.6,19.9,18197,11.0,32,59,79,111,33,30,22,19,2.13,Low,1.0796,Medium,Lower Middle,15.47,55.6,62.6,15,36,10772.15,3458.5,297.79,185.94,166.5,73.87,433.03,14.229,4629.85,15402.0,0.94,30.06
2016,Sylhet,311,10896,18.2,1431.6,321,915.63,261.34,35.0,79.8,25.6,12598,7.0,24,53,62,92,29,23,20,14,2.7,Low,1.0754,Low,Lower Middle,18.22,57.2,63.8,30,14,18245.1,5532.37,483.46,226.85,288.86,167.89,529.09,10.233,7238.76,25483.86,2.3388,28.41
2016,Khulna,374,14727,19.02,1355.6,680,866.294,220.0,39.4,36.4,29.6,22285,10.0,29,62,79,110,32,26,21,16,4.0,Low,1.0996,Medium,Lower Middle,11.94,56.1,62.8,13,37,11105.18,3000.15,314.22,177.86,165.03,77.09,396.67,5.114,4136.13,15241.31,1.0349,27.14
2016,Barisal,207,9559,18.75,1288.2,165,1124.588,243.53,46.2,72.2,16.2,13644,5.0,15,39,44,60,18,14,11,11,1.94,Low,1.0866,Medium,Lower Middle,6.37,52.5,60.2,13,17,15733.62,4312.46,413.88,232.07,225.47,114.7,369.34,12.364,5680.3,21413.92,2.2402,26.53
2016,Rangpur,378,16866,18.65,1376.2,234,992.118,222.35,44.6,54.5,17.9,16317,10.0,30,61,82,107,30,26,21,19,1.38,Low,1.0769,Medium,Lower Middle,13.64,54.8,62.0,30,23,17833.44,5306.58,513.04,231.69,267.82,162.58,582.47,18.313,7082.5,24915.93,1.4773,28.43
2016,Mymensingh,350,15571,18.7,1351.1,201,1526.569,343.14,44.5,64.3,13.5,10584,6.0,27,63,70,90,27,21,23,17,1.97,Low,1.088,Medium,Lower Middle,11.57,53.5,61.1,20,37,18011.54,6080.15,541.35,257.29,205.14,121.06,562.15,5.164,7772.31,25783.85,1.6559,30.14
2017,Dhaka,1584,73395,18.08,1493.1,2352,1392.694,300.57,46.3,60.7,66.3,20594,31.0,107,292,286,429,132,111,88,79,4.46,Moderate,1.0876,Low,Lower Middle,9.87,64.8,69.0,58,180,90114.72,26084.27,2201.73,1218.93,1552.66,396.76,3033.92,23.224,34511.5,124626.22,1.698,27.69
2017,Chattogram,789,31834,18.64,1572.7,955,936.294,232.06,40.3,80.7,35.4,33771,20.0,64,141,150,209,58,52,50,38,2.81,Low,1.0766,Medium,Middle Income,15.72,62.0,67.4,43,84,52796.44,14711.0,1404.96,927.3,732.0,389.08,1268.17,12.712,19445.23,72241.68,2.2693,26.92
2017,Rajshahi,430,17543,18.46,1561.5,171,938.128,229.95,40.8,45.4,20.2,18197,11.0,33,84,99,124,34,30,20,22,0.91,Low,1.0744,Low,Middle Income,14.9,59.5,65.6,30,26,15674.48,5448.94,465.45,324.16,238.42,153.77,584.13,11.86,7226.74,22901.22,1.3054,31.56
2017,Sylhet,317,11855,18.84,1544.5,159,996.218,266.39,37.4,91.1,25.9,12598,7.0,26,59,57,78,23,21,20,15,1.34,Low,1.0815,Medium,Middle Income,13.65,59.9,65.9,22,38,21525.59,6059.48,631.42,306.58,195.5,195.29,526.74,15.257,7930.25,29455.84,2.4847,26.92
2017,Khulna,397,16175,18.24,1578.8,261,951.471,233.53,40.7,57.8,29.9,22285,10.0,31,63,79,120,31,29,21,19,1.54,Low,1.0834,Low,Middle Income,16.17,61.3,66.9,37,48,19131.56,5438.9,515.88,416.02,309.63,146.96,583.29,4.491,7415.17,26546.73,1.6412,27.93
2017,Barisal,219,8548,19.04,1473.7,82,1005.647,257.65,39.0,66.2,16.4,13644,5.0,16,40,47,52,18,14,13,11,0.96,Low,1.0934,Medium,Lower Middle,8.44,56.9,63.7,19,21,11230.33,3462.14,328.77,155.03,168.76,65.74,303.37,2.257,4486.06,15716.38,1.8386,28.54
2017,Rangpur,433,17212,18.72,1498.0,123,1012.471,254.71,39.8,54.4,18.2,16317,10.0,32,83,87,124,32,32,30,19,0.72,Low,1.088,Medium,Lower Middle,10.23,57.7,64.3,25,32,21079.22,5412.8,563.3,282.86,302.1,88.19,617.86,8.988,7276.1,28355.32,1.6474,25.66
2017,Mymensingh,360,14451,18.42,1492.4,68,1416.765,352.94,40.1,65.1,13.7,10584,6.0,24,71,86,101,27,30,19,18,0.67,Low,1.0647,Low,Lower Middle,9.82,56.9,63.7,14,36,17985.43,6084.86,514.57,345.61,283.6,133.19,451.89,4.547,7818.27,25803.7,1.7856,30.3
2018,Dhaka,1643,74586,18.32,1733.4,7294,1415.294,311.76,45.4,90.6,67.2,20594,31.0,123,340,330,421,140,118,101,79,13.84,Moderate,1.0742,Low,Middle Income,14.34,70.5,73.5,136,84,127868.63,36893.73,3969.34,1882.36,1869.36,884.08,3381.61,38.871,48919.36,176787.99,2.3703,27.67
2018,Chattogram,857,32323,18.31,1683.7,3010,950.676,252.06,37.7,42.1,35.8,33771,20.0,66,156,171,221,68,54,57,38,8.85,Moderate,1.0659,Low,Middle Income,11.06,64.7,69.5,49,85,25863.98,7901.13,735.39,383.63,382.4,178.97,919.02,10.516,10511.06,36375.03,1.1254,28.9
2018,Rajshahi,423,18317,17.85,1597.7,614,979.519,226.2,43.3,46.8,20.5,18197,11.0,33,87,72,119,29,23,25,21,3.28,Low,1.0732,Low,Middle Income,5.39,60.4,66.3,12,48,18069.84,5368.86,497.37,271.3,182.73,87.16,474.93,11.17,6893.52,24963.35,1.3629,27.61
2018,Sylhet,312,11753,18.31,1631.9,586,987.647,262.18,37.7,39.9,26.3,12598,7.0,23,48,61,87,25,24,18,15,4.92,Low,1.0823,Low,Middle Income,7.65,62.0,67.5,10,39,8578.89,2378.97,257.6,135.56,129.0,60.07,306.34,15.697,3283.23,11862.12,1.0093,27.68
2018,Khulna,385,15511,18.19,1604.7,844,912.412,226.47,40.3,63.7,30.3,22285,10.0,29,65,72,101,29,26,21,19,4.96,Low,1.0738,Low,Middle Income,5.85,62.0,67.4,30,31,19210.81,5660.39,477.35,234.13,330.65,176.21,583.01,14.888,7476.63,26687.43,1.7205,28.02
2018,Barisal,220,10328,18.31,1619.6,286,1215.059,258.82,46.9,94.8,16.7,13644,5.0,17,42,40,59,17,11,14,10,3.36,Low,1.0898,Low,Middle Income,6.83,60.3,66.4,20,10,19622.22,5910.08,518.46,239.56,220.7,172.83,583.23,11.352,7656.22,27278.44,2.6412,28.07
2018,Rangpur,451,18134,18.75,1768.2,328,1066.706,265.29,40.2,52.7,18.5,16317,10.0,36,71,93,134,34,34,23,19,1.93,Low,1.0645,Medium,Middle Income,16.64,64.0,69.3,24,33,21883.58,5504.79,570.88,315.85,303.93,156.33,535.08,11.507,7398.37,29281.95,1.6148,25.27
2018,Mymensingh,382,15435,18.91,1630.4,327,1513.235,374.51,40.4,63.9,13.9,10584,6.0,35,70,86,102,28,26,23,18,3.21,Low,1.0856,Medium,Middle Income,7.55,60.1,66.3,30,46,20918.64,5799.76,547.31,357.81,191.2,147.68,698.47,10.493,7752.72,28671.36,1.8576,27.04
2019,Dhaka,1747,75216,18.78,1926.2,80381,1427.249,331.5,43.1,53.8,68.2,20594,31.0,167,307,340,493,151,107,88,83,152.53,Epidemic,1.0819,Medium,Middle Income,13.44,75.2,77.1,132,100,88781.44,23969.05,2501.61,1275.14,840.27,460.21,2553.87,83.875,31684.02,120465.47,1.6016,26.3
2019,Chattogram,894,36941,18.03,1916.8,40978,1086.5,262.94,41.3,79.5,36.3,33771,20.0,71,170,173,298,72,61,50,48,120.52,High,1.0898,Low,Middle Income,12.89,70.2,73.8,62,92,64850.06,17795.85,1878.7,1098.64,1008.06,555.07,1619.35,50.25,24005.91,88855.97,2.4053,27.02
2019,Rajshahi,438,17807,18.03,1883.7,7281,952.246,234.22,40.7,54.4,20.8,18197,11.0,35,74,83,124,31,31,24,23,38.94,Moderate,1.0871,Low,Middle Income,10.94,67.1,71.6,22,29,19582.67,5853.43,497.38,404.23,279.49,96.07,441.46,14.064,7586.13,27168.8,1.5257,27.92
2019,Sylhet,347,12030,18.67,1757.2,5699,1010.924,291.6,34.7,76.8,26.6,12598,7.0,30,59,69,104,26,24,20,18,47.89,Moderate,1.0803,Medium,Middle Income,3.49,65.0,69.9,12,43,19293.6,5416.33,531.6,329.41,214.24,129.49,385.31,17.9,7024.27,26317.88,2.1877,26.69
2019,Khulna,438,16687,17.68,1935.1,9266,981.588,257.65,38.1,82.2,30.6,22285,10.0,34,71,98,131,37,29,22,25,54.51,Moderate,1.0813,Low,Middle Income,13.96,69.7,73.5,40,37,31386.2,7101.48,787.9,569.66,410.24,212.68,701.02,21.721,9804.7,41190.89,2.4684,23.8
2019,Barisal,244,9979,18.35,1925.0,2572,1174.0,287.06,40.9,81.4,17.0,13644,5.0,19,39,47,75,21,17,14,14,30.26,Moderate,1.0812,Low,Middle Income,13.37,67.5,72.0,9,31,15682.97,5055.75,450.68,290.42,175.89,107.49,377.83,3.195,6461.25,22144.22,2.2191,29.18
2019,Rangpur,411,19192,17.79,1821.1,3880,1128.941,241.76,46.7,82.0,18.8,16317,10.0,36,66,75,112,36,30,24,21,22.82,Moderate,1.0765,Low,Middle Income,7.25,65.3,70.3,24,37,31620.46,9724.8,859.47,605.32,412.5,159.22,778.71,13.106,12553.12,44173.58,2.3017,28.42
2019,Mymensingh,414,16193,17.91,1780.0,3575,1587.549,405.88,39.1,66.9,14.1,10584,6.0,30,67,80,110,32,25,26,22,35.05,Moderate,1.094,Low,Middle Income,4.83,63.7,69.0,35,43,22252.65,6878.7,584.36,350.0,240.97,143.59,591.9,16.516,8806.03,31058.69,1.918,28.35
2020,Dhaka,1828,79391,18.17,1858.9,911,1506.471,346.87,43.4,67.8,69.1,20594,31.0,154,317,369,509,135,126,108,90,1.73,Low,1.0669,Low,Middle Income,0.16,73.7,76.0,170,232,126502.68,26582.85,2676.65,1637.58,1870.19,721.68,3009.74,78.29,36576.99,163079.67,2.0541,22.43
2020,Chattogram,861,34756,17.61,1921.8,494,1022.235,253.24,40.4,62.2,36.7,33771,20.0,67,168,177,242,73,60,60,38,1.45,Low,1.078,Low,Middle Income,3.55,70.3,73.9,49,85,47522.91,13254.47,1134.9,847.21,447.39,289.84,1635.26,38.68,17647.75,65170.67,1.8751,27.08
2020,Rajshahi,444,18949,17.55,2064.1,94,1013.316,237.43,42.7,73.0,21.1,18197,11.0,36,75,79,138,36,30,24,20,0.5,Low,1.0802,Low,Middle Income,11.21,71.3,75.0,39,50,27211.67,7636.88,727.75,410.78,320.19,238.1,868.88,19.317,10221.91,37433.58,1.9755,27.31
2020,Sylhet,335,12249,16.9,2004.6,81,1029.328,281.51,36.6,52.4,27.0,12598,7.0,23,55,60,101,25,23,19,15,0.68,Low,1.0813,Low,Middle Income,8.01,70.8,74.4,14,20,12699.98,3729.37,313.88,219.25,183.64,83.06,343.91,9.424,4882.54,17582.52,1.4354,27.77
2020,Khulna,441,15703,17.84,2066.3,146,923.706,259.41,35.6,80.4,31.0,22285,10.0,32,81,95,135,35,29,29,19,0.86,Low,1.0916,Low,Middle Income,11.33,72.9,76.0,16,51,27626.86,7893.81,790.78,465.86,283.6,133.31,551.39,23.03,10141.79,37768.65,2.4052,26.85
2020,Barisal,244,10382,17.71,2039.9,31,1221.412,287.06,42.5,67.2,17.2,13644,5.0,18,46,45,72,18,15,14,9,0.36,Low,1.0687,Low,Middle Income,9.91,70.2,74.1,13,13,14784.53,3953.57,363.18,308.06,123.86,89.01,447.24,4.039,5288.95,20073.49,1.9335,26.35
2020,Rangpur,471,18575,17.78,2039.0,64,1092.647,277.06,39.4,83.8,19.1,16317,10.0,44,81,95,144,35,30,28,20,0.38,Low,1.0895,Low,Middle Income,9.86,70.4,74.3,36,30,34251.42,10079.62,812.77,675.13,551.12,171.03,897.12,14.386,13201.16,47452.58,2.5546,27.82
2020,Mymensingh,395,15507,17.41,1947.9,43,1520.294,387.25,39.3,57.0,14.3,10584,6.0,33,76,71,130,33,27,25,23,0.42,Low,1.0797,Low,Middle Income,4.95,67.6,72.1,34,34,19895.63,5430.21,518.66,295.44,308.09,133.17,543.89,10.062,7239.51,27135.14,1.7499,26.68
2021,Dhaka,1724,79142,17.06,2316.6,26787,1501.746,327.13,45.9,83.4,70.1,20594,31.0,140,301,324,495,131,138,92,96,50.83,High,1.0973,Low,Middle Income,18.13,84.6,84.5,97,159,132589.35,41596.26,3580.62,2078.79,2316.51,1313.51,3729.72,41.529,54656.94,187246.29,2.366,29.19
2021,Chattogram,944,36305,17.41,2351.6,10410,1067.794,277.65,38.5,76.1,37.1,33771,20.0,78,160,185,274,78,60,61,51,30.62,High,1.0814,Low,Middle Income,19.92,80.4,81.8,86,90,58003.01,16818.05,1570.45,1169.86,928.78,280.18,1356.07,39.704,22163.08,80166.1,2.2081,27.65
2021,Rajshahi,465,17339,17.23,2120.8,2145,927.219,248.66,37.3,63.0,21.4,18197,11.0,34,95,105,120,37,30,29,24,11.47,Moderate,1.0914,Low,Middle Income,8.15,72.7,76.0,43,25,20732.63,5939.47,655.12,424.17,342.33,118.39,665.32,10.992,8155.79,28888.42,1.6661,28.23
2021,Sylhet,368,12739,17.5,2210.3,1910,1070.504,309.24,34.6,36.6,27.3,12598,7.0,33,62,73,103,24,23,20,19,16.05,Moderate,1.0959,Low,Middle Income,12.71,75.7,78.3,12,33,9263.85,3088.18,255.17,198.84,94.68,62.13,295.06,4.171,3998.23,13262.08,1.0411,30.15
2021,Khulna,441,16498,16.58,2156.4,3072,970.471,259.41,37.4,61.0,31.3,22285,10.0,34,71,91,109,32,25,23,22,18.07,Moderate,1.096,Low,Middle Income,9.96,75.0,77.7,33,52,17638.76,5534.68,565.42,387.09,207.24,73.54,667.08,22.914,7457.96,25096.72,1.5212,29.72
2021,Barisal,248,10458,18.05,2130.2,638,1230.353,291.76,42.2,83.4,17.5,13644,5.0,18,41,49,59,19,19,15,12,7.51,Low,1.0717,Low,Middle Income,8.63,72.3,75.8,15,10,16985.87,5318.17,425.18,252.56,276.83,138.88,395.69,11.229,6818.54,23804.42,2.2762,28.64
2021,Rangpur,445,19114,17.46,2114.6,1025,1124.353,261.76,43.0,29.3,19.4,16317,10.0,38,102,80,129,33,29,25,20,6.03,Moderate,1.072,Low,Middle Income,7.83,72.2,75.7,16,30,11638.77,3543.47,304.92,169.45,190.29,84.88,442.66,16.193,4751.87,16390.64,0.8575,28.99
2021,Mymensingh,415,16628,16.69,2173.9,717,1630.196,406.86,40.1,82.5,14.6,10584,6.0,31,79,84,116,35,30,27,19,7.03,Low,1.0672,Low,Middle Income,10.86,72.9,76.3,38,41,28857.4,8925.35,756.33,360.07,352.01,252.89,814.45,6.45,11467.54,40324.94,2.4251,28.44
2022,Dhaka,1892,82830,17.17,2532.0,51464,1571.727,359.01,43.8,63.4,71.0,20594,31.0,138,339,436,579,167,132,116,102,97.65,Epidemic,1.0852,Low,Upper Middle,13.7,89.7,88.5,88,154,130232.06,33081.72,2963.51,2233.97,1356.94,633.12,3040.93,77.081,43387.26,173619.33,2.0961,24.99
2022,Chattogram,981,37218,17.34,2741.0,24551,1094.647,288.53,37.9,65.3,37.6,33771,20.0,80,177,209,290,76,70,58,45,72.21,High,1.0875,Low,Upper Middle,23.08,89.6,89.0,97,93,48600.6,14459.84,1480.59,624.82,862.49,214.14,1411.13,34.694,19087.7,67688.29,1.8187,28.2
2022,Rajshahi,485,18678,17.37,2652.7,3842,998.824,259.36,38.5,69.3,21.7,18197,11.0,41,90,105,139,39,29,28,24,20.55,Moderate,1.0746,Low,Upper Middle,19.12,85.2,85.8,41,36,29511.43,8320.74,695.93,492.88,423.69,291.76,679.74,5.244,10909.98,40421.41,2.1641,26.99
2022,Sylhet,359,12914,16.99,2763.1,2611,1085.21,301.68,36.0,68.5,27.7,12598,7.0,30,74,66,90,26,24,26,15,21.94,Moderate,1.0598,Low,Upper Middle,24.07,88.6,88.4,24,43,18419.65,4837.54,443.26,336.76,289.47,154.93,430.77,4.386,6497.11,24916.77,1.9294,26.08
2022,Khulna,445,17620,16.97,2583.2,6005,1036.471,261.76,39.6,66.3,31.7,22285,10.0,39,84,76,117,33,32,27,22,35.32,Moderate,1.0856,Low,Upper Middle,15.99,85.0,85.5,15,52,23920.22,6571.83,632.8,473.42,302.5,195.48,682.41,22.506,8880.94,32801.17,1.8616,27.08
2022,Barisal,256,11104,17.75,2674.3,1486,1306.353,301.18,43.4,75.7,17.7,13644,5.0,21,43,55,67,21,16,14,12,17.48,Moderate,1.0762,Low,Upper Middle,20.09,85.1,85.8,16,35,19919.34,5545.24,434.27,297.48,168.08,103.52,381.25,14.507,6944.35,26863.69,2.4193,25.85
2022,Rangpur,438,18794,17.68,2701.9,3016,1105.529,257.65,42.9,82.7,19.7,16317,10.0,30,91,102,111,35,27,26,24,17.74,Moderate,1.0967,Low,Upper Middle,21.32,86.0,86.5,39,32,32997.11,9790.46,883.54,479.55,512.54,169.82,826.55,21.48,12683.95,45681.06,2.4306,27.77
2022,Mymensingh,441,18364,17.42,2566.9,1969,1800.392,432.35,41.6,62.4,14.8,10584,6.0,40,92,79,130,35,30,24,23,19.3,Moderate,1.0841,Low,Upper Middle,15.26,82.1,83.5,43,39,24728.79,7537.76,719.81,387.75,417.79,209.2,886.36,12.936,10171.61,34900.4,1.9005,29.14
2023,Dhaka,2013,90416,17.16,2764.2,246841,1715.674,381.97,44.9,98.6,72.0,20594,31.0,152,357,400,503,170,152,113,91,468.39,Epidemic,1.0793,Low,Upper Middle,2.83,95.3,92.9,145,246,178487.01,51450.16,4897.85,3791.62,2354.74,1571.92,5405.1,28.074,69499.46,247986.47,2.7427,28.03
2023,Chattogram,955,38895,16.86,2780.1,125368,1143.971,280.88,40.7,90.9,38.0,33771,20.0,73,196,225,280,76,65,55,52,368.73,Epidemic,1.0867,Low,Upper Middle,3.43,90.6,89.8,57,104,80391.85,22444.03,2065.11,1222.93,707.5,640.36,1815.68,38.325,28933.94,109325.79,2.8108,26.47
2023,Rajshahi,511,20243,17.31,2715.7,19199,1082.513,273.26,39.6,76.9,22.0,18197,11.0,41,106,98,156,41,36,32,27,102.67,High,1.0725,Low,Upper Middle,1.03,86.7,87.0,50,68,35271.85,9709.53,1058.77,438.2,589.05,215.7,1190.55,12.125,13213.92,48485.77,2.3952,27.25
2023,Sylhet,349,13529,16.23,2624.0,19352,1136.891,293.28,38.8,58.4,28.0,12598,7.0,25,58,52,101,23,22,20,15,162.62,High,1.0861,Low,Upper Middle,-2.38,85.4,85.9,13,35,14717.26,4280.29,416.51,270.43,171.21,129.61,462.99,20.116,5751.16,20468.43,1.5129,28.1
2023,Khulna,501,18673,16.49,2858.3,25360,1098.412,294.71,37.3,70.9,32.0,22285,10.0,42,84,104,137,38,33,24,23,149.18,High,1.0702,Low,Upper Middle,6.34,91.5,90.6,34,50,26536.91,8329.83,711.73,327.68,230.14,230.1,730.47,14.601,10574.56,37111.47,1.9874,28.49
2023,Barisal,257,11410,16.03,2824.4,7910,1342.353,302.35,44.4,71.6,18.0,13644,5.0,24,48,51,72,18,18,17,12,93.06,Moderate,1.0788,Low,Upper Middle,5.07,88.6,88.6,14,26,16557.71,5289.09,476.69,355.8,194.06,142.04,517.86,9.374,6984.91,23542.63,2.0633,29.67
2023,Rangpur,504,20297,17.18,2681.9,15971,1193.941,296.47,40.3,57.4,20.0,16317,10.0,38,81,90,117,39,35,28,28,93.95,High,1.0994,Low,Upper Middle,-0.23,85.6,86.2,24,33,23717.01,6064.11,628.03,311.51,364.22,165.88,563.62,19.194,8116.55,31833.56,1.5684,25.5
2023,Mymensingh,446,16974,16.42,2747.2,9695,1664.118,437.25,38.1,85.0,15.0,10584,6.0,39,80,72,112,33,30,26,21,95.05,Moderate,1.0805,Low,Upper Middle,2.2,86.4,86.9,40,38,29389.49,8436.46,751.56,645.5,319.05,279.17,782.21,7.195,11221.14,40610.63,2.3925,27.63
